ID,Name,Description,Project,Priority,Labels,Human Action Required,Source
HUMAN-001,Fix Infisical PLANE_API_KEY secret mapping,"The Infisical env var PLANE_API_KEY currently exports an expired token (plane_api_89d0...). The working token is stored under a different secret name: 8-13-26GooseSyncBot (plane_api_7319...). Action: either rename the working secret to PLANE_API_KEY in Infisical, or update the sync recipe to read from 8-13-26GooseSyncBot. Without this, the scheduled Plane→Discord sync fails with 403 Forbidden.",Coding,urgent,"security,automation,infisical,plane-sync","Log into Infisical (secrets.assistedly.ai) → rename or remap the active Plane API token to PLANE_API_KEY, then restart the Infisical Agent.",Current session investigation
HUMAN-002,Decide: rotate all exposed secrets (2026-07-29 incident),"During the Infisical migration on 2026-07-29, multiple secrets may have been exposed. The existing Plane task 'Rotate Exposed Keys' has the full 20-item checklist. You must decide whether to do a full rotation now or accept the current risk level.",Executive,urgent,"security,hipaa,secrets",Review Plane issue ebce9845-3155-4464-82d8-b00194b050d9 → decide which secrets actually need rotation → generate new ones at vendor dashboards → update Infisical. DO NOT paste new values into chat.,Plane issue ebce9845...
HUMAN-003,Find YoURLS origin server and decide hosting strategy,urls.assistedly.ai is active but its origin server is unknown. Not on any RackNerd IP. Cloudflare DNS lookup failed with auth error. This blocks password reset and Nextdoor UTM forwarding.,Coding,high,"infrastructure,cloudflare,yourls",Option A: Log into Cloudflare dashboard manually to view DNS A records for urls.assistedly.ai. Option B: Give Goose a Cloudflare API token with Zone:Read permission so it can query automatically. Decide whether YoURLS should stay separate or be consolidated onto known infrastructure.,Session 20260812_46
HUMAN-004,Set YoURLS admin password + document it securely,"Once the origin server is found (HUMAN-003), the YoURLS admin password needs to be reset. The new password must be stored in Infisical, not chat or local files.",Coding,medium,"security,yourls,password-reset",Choose a strong password → SSH to the YoURLS origin server → update config.php password hash → test login at /admin/ → store password in Infisical (not chat).,Session 20260812_46
HUMAN-005,Review and approve registration CTA A/B test results,The registration-cta-experiment-2026-08 multivariate test is live (variants: control / share_family / save_results). Analytics plumbing is wired PostHog→GA4→GTM. You need to review whether the test is yielding meaningful conversion lift and decide next steps.,Business Development,high,"a/b-test,conversion,product-decision","Open PostHog → Insights → check event counts for share_results_submitted, save_results_submitted, email_capture_submitted over last 7 days. If variant(s) show >20% lift, decide to increase rollout. If no lift after 2 weeks, decide to kill or iterate.",Session 20260812_46
HUMAN-006,Decide on Nextdoor campaign depth,Nextdoor referrer tracking was added to marketingAttribution.js. The open question is whether to build a Nextdoor-specific landing page or YoURLS forwarding for deeper attribution.,Business Development,low,"growth,nextdoor,strategy","Check PostHog/GA4 for nextdoor.com referrer traffic volume in last 14 days. If >50 sessions, approve building a Nextdoor landing page. If <20 sessions, deprioritize and keep basic referrer tracking only.",Session 20260812_46
HUMAN-007,Export LinkedIn DMs and import into Twenty CRM,"You want to avoid re-contacting people you've already DMed on LinkedIn (e.g., Alex Qi). Twenty CRM does not currently have these contacts. LinkedIn does not have a public API for DMs.",Business Development,medium,"crm,twenty,linkedin,data-entry","Option A: Manually copy names/companies from LinkedIn DM history into Twenty as Contacts with status CONTACTED and source linkedin_dm. Option B: If LinkedIn Sales Navigator has an export, use it. Option C: Ask Goose to build a browser-automation script to scrape your LinkedIn DMs (requires login).",Session 20260812_24
HUMAN-008,Send LinkedIn DMs to top 5 AgeTech quick-wins,"AgeTech outreach research is complete. Top 5 quick-wins identified: Aidar Health, FallCall Solutions, Waterlily, Yojeong, OneStep. Personalized messages are drafted in /Users/joshdev/agetech-campaigns/agetech_channel_outreach_messages.md.",Business Development,high,"partnerships,agetech,outreach,linkedin",Open LinkedIn → find founders/BD contacts for the 5 companies → send personalized DMs Tue-Thu 9-11 AM ET → update Twenty CRM status to CONTACTED.,Session 20260812_24
HUMAN-009,Review 88 AgeTech companies in Twenty CRM and prioritize next batch,"88 companies and 24 founder contacts are in Twenty CRM, all status NOT_CONTACTED. The BDO prospecting sheet has priority scores. You need to decide the next batch size and timeline.",Business Development,high,"crm,twenty,partnerships,strategy",Open Twenty CRM at 107.172.94.35:3002 → review the 40 prioritized contacts in agetech_bdo_prospecting.csv → select next 10-15 to contact → decide channel (LinkedIn DM vs email vs warm intro).,Session 20260812_24
HUMAN-010,Fix Google Sheets upload auth scope for AgeTech data,Previous attempts to upload agetech_tier1_outreach.csv to Google Sheets failed with 403 Forbidden. The service account JSON likely lacks the Sheets API scope or is not added to the target spreadsheet.,Business Development,low,"data,google-sheets,outreach",Go to Google Cloud Console → IAM & Admin → Service Accounts → find the account from GOOGLE_SERVICE_ACCOUNT_JSON → enable Google Sheets API scope (https://www.googleapis.com/auth/spreadsheets) → share the target Google Sheet with the service account email → retry upload via Goose.,Session 20260812_24
HUMAN-011,Design Twenty-Plane contact sync workflow,User requested: 'Use Twenty as single source of truth for contacts. Add contacting highest priority person and why to Plane tasks for business development.' This needs a design decision before Goose builds it.,Business Development,medium,"automation,twenty,plane,workflow-design","Decide: (A) A daily Goose scheduled job reads Twenty → auto-creates Plane tasks, or (B) A manual trigger when you review Twenty. Decide what fields to sync (company, priority score, last activity, LinkedIn URL). Then ask Goose to build the recipe.",Session 20260812_24
HUMAN-012,Review and approve Analytics Insight Monitor Discord reports,"The Analytics Insight Monitor Goose recipe is scheduled (cron 0 8,20 * * *). It should post PostHog funnel health + strategy briefs to Discord twice daily. You need to validate the output is actionable.",Business Development,medium,"analytics,automation,strategy","Check the #project-management Discord channel for the next few Analytics reports (or run the recipe manually via Goose). Review whether the strategy briefs are useful. If yes, keep schedule. If noise, adjust thresholds or reduce frequency to daily only.",Session 20260812_46
