company_name,website,product_category,stage,funding_info,founders_leadership,description
Wisdom.io,https://www.mywisdom.io/wisdom-advances-smart-home-technology-for-older-adults-their-families-and-care-partners-with-1-3-million-in-pre-seed-financing,in-home-sensors,Angel / Pre-Seed / Seed,$1.3MILLION,Not extracted,"Social-Impact Investment Accelerates Development and Deployment of Next Generation Solution that Enables Safe, Independent Living"
FALLCALL.COM NEWSLETTER,https://www.fallcall.com/,"in-home-sensors, wearables",Seed,$1.5M,Not extracted,Please click the link to complete this form.
Evernow Press & Media,https://www.evernow.com/press?f4933cd5_page=5&srsltid=AfmBOoo31fA8co9gwlCZqJwV8wZ_B1egqZraM2E4GnaPpDFpozcl7pDF,menopause,Angel / Series A,"$28.5M, $28.5MILLION",Not extracted,"Read Evernow press coverage, news, and media highlights. Learn more about managing symptoms and and get care at Evernow."
Percipio Health,https://percipiohealth.com/blog/percipio-health-launches-population-health-monitoring-platform,monitoring,Series A,$20M,"Chief Strategy Officer of Percipio Health | Contact

Sara Lueders

Vice President","Percipio Health raises $20M and unveils AI-powered Population Health Monitoring platform that collects multiple health signals via smartphone to reach broader populations, reduce risk, and advance value-based care."
CarePredict raises $9.5 million for AI wearable that monitors seniors’ health,https://www.carepredict.com/blog/carepredict-raises-9-5-million-for-ai-wearable-that-monitors-seniors-health,"monitoring, wearables",Seed / Series A,"$19.7MILLION, $4MILLION, $9.5MILLION",Not extracted,"CarePredict secures $9.5 million in Series A funding for AI wearable, Tempo, that detects changes in daily activities of seniors."
SlateSafety Raises $1.7M for its Connected Safety Platform,https://slatesafety.com/slatesafety-raises-1-7m-for-its-connected-safety-platform/,wearables,Angel / Seed,"$1.7M, $2M",Not extracted,"With this investment, we plan to expand our footprint in the connected safety market and launching our next-generation wearable — the SlateSafety Band V2."
AI-Powered Senior Living Care Solutions,https://inspiren.com/,in-home-sensors,Funding (stage unspecified),,"Chief Clinical Officer

Green Beret | Jayne Sallerson

President | Michael Wang

Inspiren Founder | Stephanie Harris

CEO | Tate Stewart

Senior Vice President","Transform senior care with Inspiren's AI ecosystem. Reduce falls by 68%, increase occupancy 22%, and improve care planning. Trusted by leading communities.,"
LINDERA,https://lindera.de/,in-home-sensors,Angel,,Not extracted,Mobilitätsanalyse und Sturzprävention: LINDERA bietet Mobilitätsanalysen per App für professionelle Pflege und häusliche Anwendung. ✓Medizinprodukt
Sensi.AI’s $45M Funding Is Transforming AI in Senior Care Technology,https://www.sensi.ai/insights/sensi-ai-funding-advances-senior-care-technology/,"in-home-sensors, monitoring, wearables",Series C,"$45M, $45MILLION",Not extracted,"Sensi.AI advances AI in senior care technology, boosting safety, supporting caregivers, and delivering real-time insights for families."
Backing Innovative Companies,https://www.portfolia.co/womenshealth-companies,menopause,Funding (stage unspecified),,Not extracted,"Portfolia backs innovative companies delivering breakthrough solutions, driving impact, and generating strong returns for investors."
Sell or rent profile,https://vivianlab.com/blog/new-funding-for-vivian-lab-to-create-the-first-ai-coach-for-menopause-and-longevity,menopause,Funding (stage unspecified),,Not extracted,The largest online community for profile enthusiasts in Finland.
Closing the Rural Care Gap,https://www.ascendrural.org/news/closing-rural-care-gap,wearables,Funding (stage unspecified),,"Aparna Pujar, Founder","Older adults in small towns and remote, rural communities across America often sit at an unfortunate intersection of poor health and inaccessible healthcare.,  Older adults in small towns and remote, rural communities across America often sit at an unfortunate intersection of poor health and inaccessible healthcare."
ElliQ,https://elliq.com/?srsltid=AfmBOoo-sH_92tdEUEXC6Kppw9E5N4sAUyH2nqF2JtkLjv6F6D3LYY14,wearables,Angel,,Not extracted,"ElliQ is the companion robot designed for seniors and older adults to support healthy aging at home. Stay connected with daily conversation, health reminders, wellness tracking, and entertainment. Powered by advanced AI for personalized companionship and peace of mind for caregivers."
Smart Tech for Seniors,https://longbridge-financial.com/blog/money-tips/smart-tech-for-seniors-gadgets-and-tools-that-make-aging-easier-and-more-affordable/,wearables,Funding (stage unspecified),,Not extracted,"From smart home devices that simplify chores to personal gadgets that enhance safety and connectivity, these tools are tailored to the needs of older adults."
Wearable Tech Ventures,https://www.wearabletechventures.org/,wearables,Angel,,"Founder

Tech Founder | Required

Wearables Founder

Tech Founder",Wearable Tech Ventures |  Wearable Tech | Baltimore | Coach L
AI Fall Detection Sensor Elderly Senior Care System Service Announced,https://finance.yahoo.com/news/ai-fall-detection-sensor-elderly-084500328.html,fall-detection,Unknown,$497.3MILLION,Not extracted,An AI firm has developed a smart senior care sensor that can securely monitor the daily activities of elderly persons and report emergencies instantly to caregivers and family members.
Automatic Fall Detection Systems for Seniors,https://www.lifeline.com/medical-alert-systems/fall-detection/,fall-detection,Unknown,,Not extracted,"Explore medical alert systems with automatic fall detection. Protection with emergency response, even if you’re unable to press the button."
Fall Detection Devices (2026),https://falldetection.com/,fall-detection,Unknown,,Not extracted,"Fall detection accuracy, how sensors work (accelerometer, gyroscope), and medical alert systems explained. Peer-reviewed research on automatic fall detection for seniors 2026."
Fpf,https://fpf.org/press-releases/fpf-launches-major-initiative-to-study-economic-and-policy-implications-of-agetech/,fall-detection,Unknown,,"Chief Executive Officer of the General Motors Corporation | Jules Polonetsky, CEO","FPF and University of Arizona Eller College of Management Awarded Grant by Alfred P. Sloan Foundation to Address Privacy Implications, and Data Uses of Technologies Aimed at Aging At Home The Future of Privacy Forum (FPF) — a global non-profit focused on data protection, AI and emerging technologies–has been awarded…"
Indoor Radar-based Fall Detection for Seniors,https://www.essencesmartcare.com/products/mdsense-fall-detector/,fall-detection,Unknown,,Not extracted,"Using an advanced fall detection algorithm, this wireless fall sensor does not require the resident to wear any detection device."
"Sound Eye and Laser  

Seattle LASIK & Refractive Eye Surgery",https://soundeye.com/,fall-detection,Unknown,,Not extracted,"SOUND EYE AND LASER, the leader in Seattle LASIK eye surgery. For over 20 years, Dr. Stephen G. Phillips and his staff have been performing refractive surgery in Seattle."
VSTAlert by VirtuSense,https://www.virtusense.ai/products/vstalert,fall-detection,Unknown,,President Health Services,"VSTAlert by VirtuSense alerts staff 31–65s before a bed exit — 98% accuracy, 95% fewer false alarms than traditional pressure pads. No wearables."
Howz,https://howz.com/,in-home-sensors,Unknown,,Not extracted,"We provide Technology Enabled Remote Care for families, the NHS and others providing care. Book a demo today!, We provide Technology Enabled Remote Care for families, the NHS and others providing care. Book a demo today!"
Sage Sentinel,https://www.oist.jp/news-center/news/2023/9/15/sage-sentinel-pioneering-age-tech-prevent-elderly-falls,in-home-sensors,Unknown,,Not extracted,A Journey from Okinawa to a Safer Aging Future
Smart Home Kit Lists,https://www.techenhancedlife.com/citizen-research/smart-home-kit-lists,in-home-sensors,Unknown,,Not extracted,"As we explore various smart home solutions useful for ""better aging"", we get requests for some specific ""kit lists"" that contain a collection of the products needed to implement some of the DIY solutions found on this site. This page is where we keep the lists of products for each of those ""kits""."
Telehealth Offers Tech Tools for Living Independently,https://www.fcc.gov/general/telehealth-offers-tech-tools-living-independently,in-home-sensors,Unknown,,Not extracted,"According to the U.S. Census, one in five Americans (or approximately 71 million) will be 65 or older by 2030. With the right support, seniors can continue to live healthy, independently and safely. Consider how these broadband-enabled health tools might help you or a loved one:"
Amissa,https://www.amissa.com/insights/nih-backed-startup-amissa-launches-ai-platform-to-fix-menopause-cares-usd24,menopause,Unknown,$25BILLION,"Samantha Smith, Co-Founder","Adopted by practices nationwide, Amissa offers the first clinical intelligence platform purpose-built for menopause, bringing clarity and efficiency to a market plagued by fragmented care and excess spending."
Elektra Health,https://www.elektrahealth.com/,menopause,Unknown,$810BILLION,Not extracted,"Evidence-based menopause education, care & community for the 21st century woman. Join our mission to smash the menopause taboo!"
Fertility Tracking with Wearables,https://www.thryve.health/blog/wearable-fertility-tracking,menopause,Unknown,,Not extracted,"Discover how wearable fertility trackers are helping people monitor cycles, predict ovulation, and enable new personalized femtech health solutions."
Peri,https://www.myperi.co/?srsltid=AfmBOoo7GxOOv4UE_IovJHFgsxQDOjkLhOhwc4j0qH5gWXPwBXqRcQUp,menopause,Unknown,,Not extracted,"Track hot flushes, night sweats, sleep disruption and more — objectively. Peri is the first wearable biosensor built specifically for perimenopause, turning your body's data into clarity."
Play Health,https://www.ycombinator.com/companies/play-health,menopause,Unknown,,Not extracted,"Perimenopause Care Platform. Founded in 2025, Play Health has 4 employees based in Boulder, CO, USA."
Alcove,https://alcove.io/,mixed,Unknown,,Not extracted,Powering the infrastructure that enables developers and standards to move with fintech speed and climate-grade integrity.
AI In Remote Patient Monitoring Market Size ($10.4 Billion) 2030,https://www.strategicmarketresearch.com/market-report/ai-in-remote-patient-monitoring-market,monitoring,Unknown,"$10.4BILLION, $3.1BILLION",Not extracted,"The Global AI In Remote Patient Monitoring Market will witness a robust CAGR of 22.4%, valued at $3.1 billion in 2024, expected to appreciate and reach $10.4 billion by 2030, confirms Strategic Market Research."
AI and Technology Transforming Senior Home Health Care,https://bestcarehc.com/blog/how-ai-improves-senior-home-care/,monitoring,Unknown,,Not extracted,"Discover how AI and technology are transforming home health care for seniors with Best Care Home Care, improving safety and quality of life."
Blooming Health,https://bloominghealth.com/,monitoring,Unknown,,Not extracted,"Blooming Health empowers organizations to seamlessly connect with their communities through a powerful AI-assisted engagement platform, ensuring every message is personalized and effectively delivered."
Care technology for people who care,https://carezapp.com/,monitoring,Unknown,,Not extracted,"Partnering with care providers to implement care technology in homes and other social care settings, enhances supports for vulnerable people."
Clinical AI for Chronic Care,https://www.cadence.care/,monitoring,Unknown,$203M,Chief Medical and Quality Officer,Cadence delivers remote patient monitoring and chronic disease management that improves outcomes and reduces cost at scale. Intelligent senior care that works better by working ahead.
Electroniccaregiver,https://electroniccaregiver.com/virtual-hybrid-home-care-model/,monitoring,Unknown,,"Anthony Dohrmann, Founder | CEO Anthony Dohrmann","Private Duty Home Care providers are on the verge of a breakthrough with the launch of the Virtual Hybrid Home Care Model, powered by Addison Care. By combining 24/7 virtual care technologies with an optimized cadence of live visits, agencies can now profitably serve Middle America - dramatically expanding their addressable market from the current 5% of households who can afford traditional hourly care, to over 50% of the U.S. population."
Enhancing Peace of Mind with Elderly Monitoring Systems,https://www.care.com/c/remote-monitoring-for-seniors/,monitoring,Unknown,"$12MILLION, $59M","Drew Schiller, CEO","Read on to learn more about what senior monitoring systems are, when to consider one and key features to look for if you do."
Firm,https://www.sbir.gov/portfolio/1707967,monitoring,Unknown,$50BILLION,Not extracted,## FORESIGHTCARES INC.
Future4Care,https://future4care.com/en/startups,monitoring,Unknown,,Not extracted,# AcceleratedStartups
Health Startups in 2025,https://www.techstars.com/blog/insights-and-trends/health-startups-in-2025-predictions-from-a-techstars-investor,monitoring,Unknown,,Not extracted,Techstars Investment Manager Christine Hong unpacks the health startup landscape of 2025.
IoT,https://www.sealevel.com/iot-improving-elder-care-independence?srsltid,monitoring,Unknown,,Not extracted,Wearable sensors and smart home devices are allowing senior citizens to keep their independence and reduce healthcare costs.
IoT for Elderly Care,https://www.cogniteq.com/blog/iot-seniors-solutions-and-use-cases,monitoring,Unknown,$714.48BILLION,Not extracted,IoT for elderly care is one of the actively developing segments of IoT. Read on to find out what benefits these solutions can provide.
New Funding & Support Offered for Tech Development,https://leadingage.org/new-funding-support-offered-for-tech-development/,monitoring,Unknown,$40MILLION,Not extracted,NIA’s AI for Dementia Competition A new national competition will support pilot projects that leverage artificial intelligence (AI) and other transformative technology to support healthy […]
TEKTELIC,https://tektelic.com/expertise/empowering-independence-how-iot-supports-safe-aging-at-home/,monitoring,Unknown,,Not extracted,Discover how TEKTELIC helps seniors live safely at home through continuous monitoring and LoRaWAN® IoT technology.
Two Labs Commercial Solutions for Pharma Manufacturers,https://twolabs.com/,monitoring,Unknown,,Not extracted,Two Labs partners with pharma manufacturers to deliver customized commercial solutions to help bring their products to market and maintain compliance.
Virtual Care Monitoring,https://homewellcares.com/blogs/virtual-care-monitoring-effective-tech-for-family-caregivers/,monitoring,Unknown,,Not extracted,"Discover how virtual care monitoring has developed, discover its benefits, and learn how to use it at home safely and effectively., Sean, who lives two hours outside of the city where his parents live, receives a notification that his mom’s heart rate has spiked unusually high. He calls her immediately, and within minutes, she’s receiving treatment from her care provider. 



Olivia is at work when she receives a text that her"
Enhancing Elderly Health Monitoring,https://www.mdpi.com/2079-9292/12/18/3918,"monitoring, wearables",Unknown,,Not extracted,"The use of robots in elderly care represents a dynamic field of study aimed at meeting the growing demand for home-based health care services. This article examines the application of robots in elderly home care and contributes to the literature by introducing a comprehensive and functional architecture within the realm of theInternet of Robotic Things (IoRT). This architecture amalgamates robots, sensors, and Artificial Intelligence (AI) to monitor the health status of the elderly. This study presented a four-actor system comprising a stationary humanoid robot, elderly individuals, medical pe"
AI-Powered Remote Patient Monitoring Platform,https://research.utoronto.ca/technology-opportunities/db/ai-powered-remote-patient-monitoring-platform,wearables,Unknown,,Not extracted,"From the Department of Computer Science and the Vector Institute for Artificial Intelligence, and proven in collaboration with U of T's affiliated hospitals, this technology platform connects doctors to patients and enables real-time insights from wearables."
Age Tech Solution,https://www.akm.com/us/en/applications/healthcare/agetech/,wearables,Unknown,,Not extracted,Asahi Kasei Microdevices Corporation (AKM) leverages millimeter-wave radar and energy harvesting technologies to deliver AgeTech solutions for older adults and caregivers.
Aloe Care Health,https://aloecare.com/,wearables,Unknown,,Not extracted,"The world's first voice-activated medical alert service for elders and their caregivers. A secure and easy-to-use solution that keeps everyone connected and safer, at home and on-the-go. Fall detection options."
Aloe Care Health,https://aloecarehealth.com/,wearables,Unknown,,Not extracted,"The world's first voice-activated medical alert service for elders and their caregivers. A secure and easy-to-use solution that keeps everyone connected and safer, at home and on-the-go. Fall detection options."
Discover 5 Top Fall Detection Solutions impacting Healthcare,https://www.startus-insights.com/innovators-guide/discover-5-top-fall-detection-solutions-impacting-healthcare/,wearables,Unknown,,Not extracted,Discover 5 global healthcare startups & scaleups developing fall detection solutions & learn how their solutions impact your business!
Fall Detection Without Wearables,https://porchlightathome.com/blog/fall-detection-without-wearable/,wearables,Unknown,,Not extracted,"Compare the best non-wearable fall detection systems using radar, mmWave, and AI technology. No pendants, no cameras — just passive monitoring that works automatically for seniors."
Innovators from the 2025 National Institute on Aging (NIA) Startup Challenge,https://www.retirementlivingsourcebook.com/videos/innovators-from-the-2025-national-institute-on-aging-nia-startup-challenge,wearables,Unknown,,"Incontinence Care

Kareem Elfoulie, CEO | Intergenerational Matchmaking

Neal Shah, CEO | Key Engagement

Marie Brodsky, CEO","Video posted by Positive Aging Community on Positive Aging SourceBook., Reader for Issuu, Reader for Issuu"
KuboCare,https://kubocare.com/,wearables,Unknown,,Not extracted,"KuboCare offers privacy-first health monitoring for seniors—24/7 dashboards, emergency alerts, vitals & environment tracking via radar."
MDsense,https://www.essence-grp.com/blog/advantages-of-non-wearable-fall-detection-devices-mdsense/,wearables,Unknown,,Not extracted,"Discover MDsense, a radar-based non-wearable fall detection solution, that operates 24/7 not requiring active participation from the end-user"
Making non-wearable fall detection a USP,https://www.securemeters.com/uk/making-non-wearable-fall-detection-a-usp/,wearables,Unknown,,Not extracted,"Rob Padwick, Clinical Lead for Assisted Living at Secure Meters, discusses optimal solutions for falls for an ageing population."
NIH/NCI 477,https://sbir.cancer.gov/small-business-funding/contracts/current-solicitation/477,wearables,Unknown,,Not extracted,Program Solicitation PHS 2025-1: NIH/NCI 477 - Wearable Technologies to Facilitate Remote Monitoring of Cancer Patients Following Treatment
Newsroom,https://zemplee.com/newsroom,wearables,Unknown,,Chief Venture Investment Oficer Matthew Hermann Joins Zemplee,"Read press releases and media articles about Zemplee, a company that provides AI remote monitoring for older adults who are aging in place or assisted care facilities."
Phhp,https://phhp.ufl.edu/2025/05/27/celebrating-the-2025-awardees-of-the-aging-in-place-funding-initiative/,wearables,Unknown,$3.935BILLION,Not extracted,"Aging in place is a high priority for Floridians, yet nearly 40% of older adults have at least one disability, creating challenges for independent living. Mobility-related disabilities are among the most common types, including difficulties with walking, climbing stairs, or performing other physical tasks. Nearly one-third of community-dwelling adults aged 65 and older report difficulty…"
Remote Monitoring for Chronic Disease,https://www.commonwealthfund.org/blog/2024/remote-patient-monitoring-helping-patients-europe-manage-their-chronic-conditions-can-it,wearables,Unknown,,Not extracted,Remote patient monitoring in Europe offers insights for U.S. adoption. Explore best practices on remote patient monitoring chronic disease management.
Sample Grant Proposal on “Elderly Care Monitoring System”,https://www.fundsforngos.org/all-proposals/sample-grant-proposal-on-elderly-care-monitoring-system/,wearables,Unknown,,Not extracted,"Executive Summary This proposal presents the development of an Elderly Care Monitoring System, a technology-driven solution designed to improve the safety, health, and well-being of elderly individuals living alone or requiring regular care. The system will use IoT devices, mobile applications, and AI-based alerts to monitor health parameters, daily activity, and emergency situations in real, Grants and Resources for Sustainability"
Senior Age Tech,https://www.liveinhomecare.com/senior-age-tech/age-technology/,wearables,Unknown,,CEO Ari Naim,"Senior Age Tech As the older adult population continues to grow worldwide, companies are developing new technology or making existing devices smarter to improv"
SilverTree-Best IT Service in Oklahoma,https://silvertree.com/,wearables,Unknown,,Not extracted,SilverTree is an Oklahoma based company that provides a full-circle approach to solving the Information Technology need of clients both locally and nationally.
Smarter scam protection. Built for families.,https://savisecurity.com/,wearables,Unknown,$38.5K,Not extracted,"The only app built to protect your family from AI-powered scams across calls and texts, 24/7. Try Savi free on iOS and Android."
Ultimate Guide to Non-Wearable Fall Detection,https://www.appointmentpartners.com/post/ultimate-guide-to-non-wearable-fall-detection,wearables,Unknown,,Not extracted,Explore non-wearable fall detection systems that enhance safety for seniors by providing reliable monitoring without intrusive devices.
Wearable Health Sensors for Seniors- MSU Innovation Center,https://innovationcenter.msu.edu/wearable-health-sensors-for-senior-skin/,wearables,Unknown,,Not extracted,"Skin-interfaced wearable health technology has a hidden flaw: Many systems work best on smoother skin, which tends to be on younger bodies — not the older"
Wearable Sensors Market 2025-2035,https://www.idtechex.com/en/research-report/wearable-sensors-market-2025/1051,wearables,Unknown,$7.2BILLION,Not extracted,"Wearable sensors are fundamental to continuous monitoring of health, fitness, and wellness - as well as at the core of innovations for next generation human machine interface, industrial IoT and extended reality. As applications for wearable technology grow, there are increasing opportunities for sensors that can detect more advanced metrics, be integrated into novel form-factors, offer enhanced performance or demand less power and space. Based on a decade of market research on wearable technology hardware, this report analyses the technological and commercial landscape of this growing industr"
