company_name,website,product_category,stage,funding_info,funding_usd,founders_leadership,head_of_business_dev_or_partnerships,description,outreach_angle,assistedly_fit_score,data_source,notes
Advosense,https://advosense.com,wearables,Seed,,,Not extracted,,Incontinence sensing solution with sensor technology to empower caregivers to provide effective quality care for seniors.,"Advosense users chose your device to stay safe at home. When the family realizes 24/7 home care isn't enough, be the brand that connects them to assisted living via assistedly.ai — and earn referral revenue.",High,agent_agetech_wearables.json,
Aidar Health,https://aidarhealth.com,monitoring,Seed,,,Sathya Elumalai (mentioned in context),,FDA-cleared MouthLab device that measures 10+ vital medical parameters in 60 seconds for remote patient monitoring.,"Aidar Health users chose your device to stay safe at home. When the family realizes 24/7 home care isn't enough, be the brand that connects them to assisted living via assistedly.ai — and earn referral revenue.",High,agent_agetech_wearables.json,
Alcove,https://alcove.io,in-home-sensors,Seed,,,Not extracted,,Smart home technology and telecare platform enabling independent living for older adults.,"Alcove users chose your device to stay safe at home. When the family realizes 24/7 home care isn't enough, be the brand that connects them to assisted living via assistedly.ai — and earn referral revenue.",Medium,agetech_companies_filtered.json,
Aloe Care Health,https://aloecare.com,in-home-sensors,Series A,$12.1M raised before acquisition by Arlo,12100000,"Ray Spoljaric (Founder), Lasse Hamre (Founder), Matthew McRae (CEO)",,Smart in-home care platform with voice-activated hub and environmental sensors for aging in place.,"Aloe Care Health users chose your device to stay safe at home. When the family realizes 24/7 home care isn't enough, be the brand that connects them to assisted living via assistedly.ai — and earn referral revenue.",Medium,agent_agetech_wearables.json,
Biomotum,https://biomotum.com,wearables,Seed,$4.78M in grants and funding,4780000,Not extracted,,Wearable powered ankle exoskeleton that provides on-demand assistance and resistance for gait training and rehabilitation for individuals with mobility impairments.,"Biomotum users chose your device to stay safe at home. When the family realizes 24/7 home care isn't enough, be the brand that connects them to assisted living via assistedly.ai — and earn referral revenue.",High,agent_agetech_wearables.json,
Blooming Health,https://bloominghealth.com,monitoring,Seed,,,Not extracted,,"Digital health engagement platform using voice, text, and video to connect seniors and caregivers.","Blooming Health users chose your device to stay safe at home. When the family realizes 24/7 home care isn't enough, be the brand that connects them to assisted living via assistedly.ai — and earn referral revenue.",Medium,agetech_companies_filtered.json,
Cadence,https://cadence.care,monitoring,Series B+,$203M,203000000,Chief Medical and Quality Officer,,Clinical AI and remote monitoring platform for chronic disease management at scale.,"Cadence users chose your device to stay safe at home. When the family realizes 24/7 home care isn't enough, be the brand that connects them to assisted living via assistedly.ai — and earn referral revenue.",Medium,agetech_companies_filtered.json,
CarePredict,https://carepredict.com,wearables,Series A,$46M total raised,46000000,Satish Movva (Founder and CEO),,AI-powered wearable (Tempo) monitoring seniors' daily behaviors and indoor location to predict falls and UTIs.,"CarePredict users chose your device to stay safe at home. When the family realizes 24/7 home care isn't enough, be the brand that connects them to assisted living via assistedly.ai — and earn referral revenue.",High,agent_agetech_wearables.json,
CareZapp,https://carezapp.com,monitoring,Seed,,,Not extracted,,"Connected care platform linking family caregivers, professional services, and smart home devices.","CareZapp users chose your device to stay safe at home. When the family realizes 24/7 home care isn't enough, be the brand that connects them to assisted living via assistedly.ai — and earn referral revenue.",Medium,agetech_companies_filtered.json,
Casana,https://casanacare.com,in-home-sensors,Series A,$46M total raised (including $14M Series A),46000000,"Nicholas Conn (Founder), Austin McChord (CEO)",,"Heart Seat smart toilet seat for passive heart health monitoring with ECG, BCG, and PPG sensors to measure blood pressure, stroke volume, and blood oxygen.","Casana users chose your device to stay safe at home. When the family realizes 24/7 home care isn't enough, be the brand that connects them to assisted living via assistedly.ai — and earn referral revenue.",High,agent_agetech_wearables.json,
Cherish Health,https://cherishhealth.com,in-home-sensors,Series A,$26M raised,26000000,Not extracted,,Radar-based sensor platforms for health and safety monitoring in senior living communities and homes.,"Cherish Health users chose your device to stay safe at home. When the family realizes 24/7 home care isn't enough, be the brand that connects them to assisted living via assistedly.ai — and earn referral revenue.",High,agent_agetech_wearables.json,
Elektra Health,https://elektrahealth.com,menopause,Series A,$810BILLION,810000000000,Not extracted,,"Digital health platform providing evidence-based menopause care, education, and community support.","Your community of women 45-55 are the primary decision makers for aging parents. Offer them a trusted, opt-in assisted-living concierge from assistedly.ai.",Medium,agetech_companies_filtered.json,
Elemind Technologies,https://elemindtech.com,wearables,Series A,$20M total raised (including $6M and $2M rounds),20000000,Not extracted,,Wearable neurotechnology headband for on-demand sleep improvement using EEG-based neuromodulation and AI-driven personalization.,"Elemind Technologies users chose your device to stay safe at home. When the family realizes 24/7 home care isn't enough, be the brand that connects them to assisted living via assistedly.ai — and earn referral revenue.",High,agent_agetech_wearables.json,
ElliQ,https://elliq.com,wearables,Series B+,,,Not extracted,,"AI companion robot designed for seniors with daily conversation, health reminders, and wellness tracking.","ElliQ users chose your device to stay safe at home. When the family realizes 24/7 home care isn't enough, be the brand that connects them to assisted living via assistedly.ai — and earn referral revenue.",Medium,agetech_companies_filtered.json,
Essence SmartCare,https://essencesmartcare.com,fall-detection,Series B+,,,Not extracted,,Non-wearable fall detection and home monitoring solutions for senior living and home care.,"Essence SmartCare users chose your device to stay safe at home. When the family realizes 24/7 home care isn't enough, be the brand that connects them to assisted living via assistedly.ai — and earn referral revenue.",Medium,agetech_companies_filtered.json,
Evernow,https://evernow.com,menopause,Series A,"$28.5M, $28.5MILLION",28500000,Not extracted,,Online menopause clinic offering personalized hormone therapy and holistic care for women in midlife.,"Your community of women 45-55 are the primary decision makers for aging parents. Offer them a trusted, opt-in assisted-living concierge from assistedly.ai.",High,agetech_companies_filtered.json,
FallCall Solutions,https://fallcall.com,fall-detection,Seed,$2.5M total raised (including $1.5M seed round),2500000,Dr. Shea Gregg (Founder and CEO),,SaaS-based medical alert platform with AI-powered fall detection via Apple Watch and smartphones.,"FallCall Solutions users chose your device to stay safe at home. When the family realizes 24/7 home care isn't enough, be the brand that connects them to assisted living via assistedly.ai — and earn referral revenue.",High,agent_agetech_wearables.json,
Haelo,https://haelohealth.com,wearables,Seed,,,Alexander Robert (Co-Founder),,"Smart ring with automatic fall detection and heart event monitoring for real-time emergency protection, alerts designated care circle instantly.","Haelo users chose your device to stay safe at home. When the family realizes 24/7 home care isn't enough, be the brand that connects them to assisted living via assistedly.ai — and earn referral revenue.",High,agent_agetech_wearables.json,
Howz,https://howz.com,in-home-sensors,Seed,,,Not extracted,,Passive home monitoring using smart plugs and sensors to detect changes in daily routines for aging in place.,"Howz users chose your device to stay safe at home. When the family realizes 24/7 home care isn't enough, be the brand that connects them to assisted living via assistedly.ai — and earn referral revenue.",Medium,agetech_companies_filtered.json,
Inspiren,https://inspiren.com,in-home-sensors,Series A,,,Chief Clinical Officer  Green Beret | Jayne Sallerson  President | Michael Wang  Inspiren Founder | Stephanie Harris  CEO | Tate Stewart  Senior Vice President,,AI-powered environmental monitoring for senior living communities detecting falls and wellness changes.,"Inspiren users chose your device to stay safe at home. When the family realizes 24/7 home care isn't enough, be the brand that connects them to assisted living via assistedly.ai — and earn referral revenue.",Medium,agetech_companies_filtered.json,
KuboCare,https://kubocare.com,wearables,Seed,,,Not extracted,,"Smart wearable and sensor ecosystem for senior safety, fall prevention, and health monitoring at home.","KuboCare users chose your device to stay safe at home. When the family realizes 24/7 home care isn't enough, be the brand that connects them to assisted living via assistedly.ai — and earn referral revenue.",Medium,agetech_companies_filtered.json,
LINDERA,https://lindera.de,in-home-sensors,Angel,,,Not extracted,,Mobility analysis and fall prevention app using smartphone sensors and AI for professional and home care.,"LINDERA users chose your device to stay safe at home. When the family realizes 24/7 home care isn't enough, be the brand that connects them to assisted living via assistedly.ai — and earn referral revenue.",Medium,agetech_companies_filtered.json,
Making non-wearable fall detection a USP,https://securemeters.com,wearables,Series B+,,,Not extracted,,"Rob Padwick, Clinical Lead for Assisted Living at Secure Meters, discusses optimal solutions for falls for an ageing population.","Making non-wearable fall detection a USP users chose your device to stay safe at home. When the family realizes 24/7 home care isn't enough, be the brand that connects them to assisted living via assistedly.ai — and earn referral revenue.",Medium,agetech_companies_filtered.json,
MindMics,https://mindmics.com,wearables,Seed,,,Anna Barnacka (Founder and CEO),,"Ear-based health wearables using sound-based technology through earbuds to monitor heart rate, HRV, and health metrics in real-time.","MindMics users chose your device to stay safe at home. When the family realizes 24/7 home care isn't enough, be the brand that connects them to assisted living via assistedly.ai — and earn referral revenue.",High,agent_agetech_wearables.json,
Nonnatech,https://nonnatech.com,monitoring,Seed,$125K seed (part of 500 Startups Batch 18),125000,Not extracted,,Evidence-based remote patient monitoring platform using noninvasive sensors and smartphone tech for real-time chronic care management.,"Nonnatech users chose your device to stay safe at home. When the family realizes 24/7 home care isn't enough, be the brand that connects them to assisted living via assistedly.ai — and earn referral revenue.",High,agent_agetech_wearables.json,
OneStep,https://onestep.co,monitoring,Series A,,,Tomer Shussman (CEO and Co-Founder),,"AI-powered digital platform that transforms smartphones into movement sensors to capture gait, balance, and mobility data for fall prevention and care.","OneStep users chose your device to stay safe at home. When the family realizes 24/7 home care isn't enough, be the brand that connects them to assisted living via assistedly.ai — and earn referral revenue.",High,agent_agetech_wearables.json,
Osteoboost Health,https://osteoboost.com,wearables,Series A,$13M total raised ($5M + $8M rounds),13000000,Laura Yecies (mentioned in leadership),,FDA-cleared prescription wearable device using vibration therapy to treat osteopenia in postmenopausal women.,"Osteoboost Health users chose your device to stay safe at home. When the family realizes 24/7 home care isn't enough, be the brand that connects them to assisted living via assistedly.ai — and earn referral revenue.",High,agent_agetech_wearables.json,
Peri,https://myperi.co,menopause,Seed,,,Not extracted,,"Track hot flushes, night sweats, sleep disruption and more — objectively. Peri is the first wearable biosensor built specifically for perimenopause, turning your body's data into clarity.","Your community of women 45-55 are the primary decision makers for aging parents. Offer them a trusted, opt-in assisted-living concierge from assistedly.ai.",Medium,agetech_companies_filtered.json,
Pontosense,https://pontosense.com,in-home-sensors,Seed,,,Alex S. Qi (CEO),,"Wireless RADAR sensing platform (Silver Shield) for fall detection, vital monitoring, and presence detection with 99% accuracy.","Pontosense users chose your device to stay safe at home. When the family realizes 24/7 home care isn't enough, be the brand that connects them to assisted living via assistedly.ai — and earn referral revenue.",High,agent_agetech_wearables.json,
Sana Health,https://sanahealth.com,wearables,Seed,$4.2M total raised,4200000,Richard Hanbury (Founder and CEO),,Wearable device using audiovisual stimulation to guide users into deep relaxation for chronic pain and sleep management.,"Sana Health users chose your device to stay safe at home. When the family realizes 24/7 home care isn't enough, be the brand that connects them to assisted living via assistedly.ai — and earn referral revenue.",High,agent_agetech_wearables.json,
Savi Security,https://savisecurity.com,wearables,Seed,$38.5K,38500,Not extracted,,Scam protection and financial safety platform built for families with aging parents.,"Savi Security users chose your device to stay safe at home. When the family realizes 24/7 home care isn't enough, be the brand that connects them to assisted living via assistedly.ai — and earn referral revenue.",Medium,agetech_companies_filtered.json,
Silvertree (Silver Tree Labs),https://silvertree.io,wearables,Seed,$5.5M raised,5500000,"Dan Josebachvili (Founder and CEO), Steve Chambers (Co-Founder)",,Wellness wearable platform with stylish wrist-worn device featuring safety tools and emergency notifications.,"Silvertree (Silver Tree Labs) users chose your device to stay safe at home. When the family realizes 24/7 home care isn't enough, be the brand that connects them to assisted living via assistedly.ai — and earn referral revenue.",High,agent_agetech_wearables.json,
Silvertree (Silver Tree Labs),https://silvertree.com,wearables,Seed,,,Not extracted,,Wellness wearable platform with stylish wrist-worn device featuring safety tools and emergency notifications.,"Silvertree (Silver Tree Labs) users chose your device to stay safe at home. When the family realizes 24/7 home care isn't enough, be the brand that connects them to assisted living via assistedly.ai — and earn referral revenue.",Medium,agetech_companies_filtered.json,
Skip,https://skipwithjoy.com,wearables,Seed,,,Kathryn Zealand (Founder),,MO/GO powered wearables (exoskeleton pants) that provide assistance during movement to eliminate knee pain and enhance mobility for active living.,"Skip users chose your device to stay safe at home. When the family realizes 24/7 home care isn't enough, be the brand that connects them to assisted living via assistedly.ai — and earn referral revenue.",Medium,agent_agetech_wearables.json,
SlateSafety,https://slatesafety.com,wearables,Seed,$1.7M raised,1700000,Not extracted,,"Connected safety wearable platform for workforce health monitoring, expanding into senior care applications.","SlateSafety users chose your device to stay safe at home. When the family realizes 24/7 home care isn't enough, be the brand that connects them to assisted living via assistedly.ai — and earn referral revenue.",High,agetech_companies_filtered.json,
SoundEye,https://sound-eye.com,fall-detection,Seed,,,Not extracted,,AI-powered contactless fall detection and activity monitoring system for seniors using acoustic analytics.,"SoundEye users chose your device to stay safe at home. When the family realizes 24/7 home care isn't enough, be the brand that connects them to assisted living via assistedly.ai — and earn referral revenue.",Medium,agetech_companies_filtered.json,
Steadiwear,https://steadiwear.com,wearables,Seed,"$2M CAD (equity, loan, and grants)",2000000,"Mark Elias (CEO and Co-Founder), Emile Maamary (Co-Founder and CMO)",,Battery-free tremor stabilizing glove (Steadi-3) using magnetic dampening to reduce hand tremors for Essential Tremor and Parkinson's patients.,"Steadiwear users chose your device to stay safe at home. When the family realizes 24/7 home care isn't enough, be the brand that connects them to assisted living via assistedly.ai — and earn referral revenue.",High,agent_agetech_wearables.json,
Surge Motion,https://surgemotion.com,wearables,Series A,,,Gary Jin (CEO),,"Aspire Motion FDA-listed wearable health platform with patented AI that detects declines in balance, strength, and mobility to proactively reduce fall risk.","Surge Motion users chose your device to stay safe at home. When the family realizes 24/7 home care isn't enough, be the brand that connects them to assisted living via assistedly.ai — and earn referral revenue.",High,agent_agetech_wearables.json,
Synseer Technologies,https://synseer.com,wearables,Seed,,,Not extracted,,HealthBuds ear-based wearables that use infrasonic and ultrasonic sound technology to simultaneously track hearing and heart health.,"Synseer Technologies users chose your device to stay safe at home. When the family realizes 24/7 home care isn't enough, be the brand that connects them to assisted living via assistedly.ai — and earn referral revenue.",High,agent_agetech_wearables.json,
Tenovi,https://tenovi.com,monitoring,Series A,,,"Nizan Friedman, PhD (Founder and CEO), Daniel Zondervan, PhD (CTO)",,Remote patient monitoring platform with FDA-cleared cellular-enabled biometric devices for chronic care.,"Tenovi users chose your device to stay safe at home. When the family realizes 24/7 home care isn't enough, be the brand that connects them to assisted living via assistedly.ai — and earn referral revenue.",Medium,agent_agetech_wearables.json,
Toi Labs,https://try.toilabs.com,in-home-sensors,Seed,,,Vik Kashyap (Founder and CEO),,"TrueLoo AI-powered smart toilet seat that optically scans stool and urine for health changes, used in over 50 senior living facilities.","Toi Labs users chose your device to stay safe at home. When the family realizes 24/7 home care isn't enough, be the brand that connects them to assisted living via assistedly.ai — and earn referral revenue.",Medium,agent_agetech_wearables.json,
VirtuSense,https://virtusense.ai,fall-detection,Series A,,,President Health Services,,AI fall prevention and patient monitoring using computer vision and depth sensing for healthcare.,"VirtuSense users chose your device to stay safe at home. When the family realizes 24/7 home care isn't enough, be the brand that connects them to assisted living via assistedly.ai — and earn referral revenue.",Medium,agetech_companies_filtered.json,
Walk With Path,https://walkwithpath.com,wearables,Seed,Won €1 million EU prize,1000000,Not extracted,,Laser shoe attachment (Path Finder) that projects visual cues to prevent freezing of gait in people with Parkinson's disease.,"Walk With Path users chose your device to stay safe at home. When the family realizes 24/7 home care isn't enough, be the brand that connects them to assisted living via assistedly.ai — and earn referral revenue.",Medium,agent_agetech_wearables.json,
Waterlily,https://waterlily.ai,monitoring,Seed,$7M seed round,7000000,Evan Ehrenberg and Lily Vittayarukskul (Co-Founders),,AI-powered platform to predict long-term care needs and help families plan and finance care for seniors.,"Waterlily users chose your device to stay safe at home. When the family realizes 24/7 home care isn't enough, be the brand that connects them to assisted living via assistedly.ai — and earn referral revenue.",High,agent_agetech_wearables.json,
Wearable Tech Ventures,https://wearabletechventures.org,wearables,Angel,,,Founder  Tech Founder | Required  Wearables Founder  Tech Founder,,Wearable Tech Ventures | Wearable Tech | Baltimore | Coach L,"Wearable Tech Ventures users chose your device to stay safe at home. When the family realizes 24/7 home care isn't enough, be the brand that connects them to assisted living via assistedly.ai — and earn referral revenue.",Medium,agetech_companies_filtered.json,
Wisdom.io,https://mywisdom.io,in-home-sensors,Pre-Seed,$1.3MILLION,1300000,Not extracted,,"Smart home technology for older adults enabling safe, independent living through sensor-based monitoring.","Wisdom.io users chose your device to stay safe at home. When the family realizes 24/7 home care isn't enough, be the brand that connects them to assisted living via assistedly.ai — and earn referral revenue.",High,agetech_companies_filtered.json,
Zemplee,https://zemplee.com,in-home-sensors,Seed,,,"Aparna Pujar (Founder and CEO), Gary Fowler (Co-founder)",,AI-powered passive sensing technology providing round-the-clock remote monitoring for elderly aging in place.,"Zemplee users chose your device to stay safe at home. When the family realizes 24/7 home care isn't enough, be the brand that connects them to assisted living via assistedly.ai — and earn referral revenue.",High,agent_agetech_wearables.json,
Midi Health,https://midi-health.com,menopause,Series A,$60M+ total,60000000,Joanna Strober (CEO),,Menopause-focused telehealth clinic offering evidence-based hormonal and non-hormonal treatments.,"Your community of women 45-55 are the primary decision makers for aging parents. Offer them a trusted, opt-in assisted-living concierge from assistedly.ai.",High,manual_add,Large menopause platform with engaged 45-55 audience
Kindra,https://ourkindra.com,menopause,Series A,$5.4M,5400000,Catherine Balsam-Schwaber (CEO),,"Menopause wellness brand providing hormone-free supplements, education, and community support.","Your community of women 45-55 are the primary decision makers for aging parents. Offer them a trusted, opt-in assisted-living concierge from assistedly.ai.",High,manual_add,Direct-to-consumer menopause brand
Alloy,https://alloy.us,menopause,Series A,$18M,18000000,"Sloane Braveman (CEO), Vanessa Ford (COO)",,Personalized menopause care with at-home hormone testing and compounded treatments delivered to your door.,"Your community of women 45-55 are the primary decision makers for aging parents. Offer them a trusted, opt-in assisted-living concierge from assistedly.ai.",High,manual_add,Strong D2C menopause brand
Lisa Health / Midday,https://midday.ai,menopause,Seed,Seed,,Ann Garnier (CEO),,"Digital health platform for menopause and midlife wellness combining AI coaching, symptom tracking, and care navigation.","Your community of women 45-55 are the primary decision makers for aging parents. Offer them a trusted, opt-in assisted-living concierge from assistedly.ai.",High,manual_add,"Previously Lisa Health, rebranded to Midday"
Galvan,https://galvan.health,wearables,Seed,Seed,,,,"AI-powered wearable ring tracking stress, sleep, and recovery for women in perimenopause and menopause.","Galvan users chose your device to stay safe at home. When the family realizes 24/7 home care isn't enough, be the brand that connects them to assisted living via assistedly.ai — and earn referral revenue.",High,manual_add,Menopause-focused wearable
Rosy,https://rosywellness.com,menopause,Seed,$2M seed,2000000,Dr. Lyndsey Harper (CEO),,Digital health platform addressing sexual wellness in menopause and beyond.,"Your community of women 45-55 are the primary decision makers for aging parents. Offer them a trusted, opt-in assisted-living concierge from assistedly.ai.",Medium,manual_add,Sexual health focus in menopause
MenoCare / MenoLabs,https://menolabs.com,menopause,Seed,Seed,,,,Probiotic and supplement brand focused on menopause symptom relief with community support.,"Your community of women 45-55 are the primary decision makers for aging parents. Offer them a trusted, opt-in assisted-living concierge from assistedly.ai.",Medium,manual_add,Wellness/supplement brand
Phenomic AI,https://phenomic.ai,menopause,Pre-Seed,Pre-Seed,,,,"AI platform for women's health, focusing on menopause and hormonal health data insights.","Your community of women 45-55 are the primary decision makers for aging parents. Offer them a trusted, opt-in assisted-living concierge from assistedly.ai.",Medium,manual_add,Early-stage menopause AI
Vira Health,https://virahealth.com,menopause,Series A,$12M Series A,12000000,Andrea Berchowitz (CEO),,Personalized digital menopause clinic offering evidence-based treatments and symptom tracking.,"Your community of women 45-55 are the primary decision makers for aging parents. Offer them a trusted, opt-in assisted-living concierge from assistedly.ai.",High,manual_add,UK-based digital menopause clinic
Coral,https://coral.health,menopause,Seed,Seed,,,,"Digital health platform for menopause support combining coaching, education, and care navigation.","Your community of women 45-55 are the primary decision makers for aging parents. Offer them a trusted, opt-in assisted-living concierge from assistedly.ai.",Medium,manual_add,Early-stage menopause support
Sofihub,https://sofihub.com,in-home-sensors,Seed,,,,,Passive monitoring system using infrared sensors to track senior routines and detect anomalies in the home.,"Sofihub users chose your device to stay safe at home. When the family realizes 24/7 home care isn't enough, be the brand that connects them to assisted living via assistedly.ai — and earn referral revenue.",High,manual_add,Australian senior monitoring startup
BaySentry,https://baysentry.com,fall-detection,Seed,,,,,AI-powered fall detection and senior safety monitoring platform for home and care facilities.,"BaySentry users chose your device to stay safe at home. When the family realizes 24/7 home care isn't enough, be the brand that connects them to assisted living via assistedly.ai — and earn referral revenue.",Medium,manual_add,Need to verify active site
Intuition Labs,https://intuitionlabs.ai,monitoring,Seed,Seed,,,,AI-powered predictive analytics for senior care operations and resident monitoring.,"Intuition Labs users chose your device to stay safe at home. When the family realizes 24/7 home care isn't enough, be the brand that connects them to assisted living via assistedly.ai — and earn referral revenue.",Medium,manual_add,Care operations AI
Canary Care,https://canarycare.co.uk,in-home-sensors,Seed,,,,,"Passive in-home monitoring using wireless sensors to track activity, sleep, and wellbeing for elderly and vulnerable adults.","Canary Care users chose your device to stay safe at home. When the family realizes 24/7 home care isn't enough, be the brand that connects them to assisted living via assistedly.ai — and earn referral revenue.",High,manual_add,UK-based sensor monitoring
GrandCare Systems,https://grandcare.com,"in-home-sensors, monitoring",Seed,,,,,"Touchscreen-based home monitoring and communication platform for seniors, caregivers, and remote family.","GrandCare Systems users chose your device to stay safe at home. When the family realizes 24/7 home care isn't enough, be the brand that connects them to assisted living via assistedly.ai — and earn referral revenue.",Medium,manual_add,Long-running senior home monitoring platform
CareBand,https://careband.com,wearables,Seed,,,,,Wearable location and safety device designed specifically for people living with dementia.,"CareBand users chose your device to stay safe at home. When the family realizes 24/7 home care isn't enough, be the brand that connects them to assisted living via assistedly.ai — and earn referral revenue.",High,manual_add,Dementia-focused wearable
Rune Labs,https://runelabs.io,"wearables, monitoring",Series A,$22.8M total,22800000,Brian Pepin (CEO),,Software platform and wearable analytics for Parkinson's and neurological conditions using Apple Watch data.,"Rune Labs users chose your device to stay safe at home. When the family realizes 24/7 home care isn't enough, be the brand that connects them to assisted living via assistedly.ai — and earn referral revenue.",High,manual_add,"Neurological wearable analytics, FDA-cleared"
De Oro Devices,https://deorodevices.com,wearables,Seed,$1.5M+,1500000,,,Mobility cueing wearable ( acoustic + visual cues) to reduce freezing of gait in Parkinson's patients.,"De Oro Devices users chose your device to stay safe at home. When the family realizes 24/7 home care isn't enough, be the brand that connects them to assisted living via assistedly.ai — and earn referral revenue.",High,manual_add,Parkinson's mobility device
Braze Mobility,https://brazemobility.com,"wearables, in-home-sensors",Seed,,,,,Smart wheelchair sensor system providing collision avoidance and navigation assistance.,"Braze Mobility users chose your device to stay safe at home. When the family realizes 24/7 home care isn't enough, be the brand that connects them to assisted living via assistedly.ai — and earn referral revenue.",Medium,manual_add,Wheelchair IoT sensors
GyroGear,https://gyrogear.com,wearables,Series A,$5M+,5000000,,,Gyroscopic stabilizing glove that reduces hand tremors for Essential Tremor and Parkinson's patients.,"GyroGear users chose your device to stay safe at home. When the family realizes 24/7 home care isn't enough, be the brand that connects them to assisted living via assistedly.ai — and earn referral revenue.",High,manual_add,Tremor stabilization wearable
Rendever,https://rendever.com,wearables,Series A,$6M total,6000000,"Kyle Rand (CEO), Dennis Lally (Co-CEO)",,VR platform for senior living communities reducing social isolation through shared virtual experiences.,"Rendever users chose your device to stay safe at home. When the family realizes 24/7 home care isn't enough, be the brand that connects them to assisted living via assistedly.ai — and earn referral revenue.",High,manual_add,"VR for seniors, active in senior living"
MyndVR,https://myndvr.com,wearables,Series A,$8M+,8000000,Chris Brickler (CEO),,Virtual reality therapy and wellness platform designed for older adults and senior care providers.,"MyndVR users chose your device to stay safe at home. When the family realizes 24/7 home care isn't enough, be the brand that connects them to assisted living via assistedly.ai — and earn referral revenue.",High,manual_add,Senior VR wellness
Nomo Smart Care,https://nomosmartcare.com,in-home-sensors,Seed,,,,,Smart home monitoring sensors for elderly care detecting emergencies and routine changes.,"Nomo Smart Care users chose your device to stay safe at home. When the family realizes 24/7 home care isn't enough, be the brand that connects them to assisted living via assistedly.ai — and earn referral revenue.",Medium,manual_add,Home sensor startup
Caregiver Smart Solutions,https://caregiversmartsolutions.com,in-home-sensors,Seed,,,Ryan Herd (Founder),,Small wireless Peace-of-Mind sensors placed around the home to track senior habits and alert caregivers.,"Caregiver Smart Solutions users chose your device to stay safe at home. When the family realizes 24/7 home care isn't enough, be the brand that connects them to assisted living via assistedly.ai — and earn referral revenue.",High,manual_add,AARP-featured senior sensor startup
Livindi,https://livindi.com,"in-home-sensors, monitoring",Seed,,,,,"Senior wellness tablet and monitoring system combining video calls, health tracking, and caregiver alerts.","Livindi users chose your device to stay safe at home. When the family realizes 24/7 home care isn't enough, be the brand that connects them to assisted living via assistedly.ai — and earn referral revenue.",Medium,manual_add,Senior tablet + monitoring
Kraydel,https://kraydel.com,in-home-sensors,Seed,,,,,TV-based senior monitoring and social engagement platform connecting families and caregivers.,"Kraydel users chose your device to stay safe at home. When the family realizes 24/7 home care isn't enough, be the brand that connects them to assisted living via assistedly.ai — and earn referral revenue.",Medium,manual_add,UK senior TV monitoring
Walabot Care,https://walabot.com/care,in-home-sensors,Series A,,,,,Radar-based fall detection and room monitoring system for seniors without wearables or cameras.,"Walabot Care users chose your device to stay safe at home. When the family realizes 24/7 home care isn't enough, be the brand that connects them to assisted living via assistedly.ai — and earn referral revenue.",High,manual_add,RF radar fall detection
Nobi,https://nobi.life,"in-home-sensors, fall-detection",Series B+,$35M+,35000000,,,Smart ceiling lamp with AI fall detection and ambient monitoring for senior apartments.,"Nobi users chose your device to stay safe at home. When the family realizes 24/7 home care isn't enough, be the brand that connects them to assisted living via assistedly.ai — and earn referral revenue.",High,manual_add,European smart-lamp fall detection; active in senior housing
Active Protective,https://activeprotective.com,"wearables, fall-detection",Series A,$15M+,15000000,Dr. Robert Buckman (CEO),,Smart wearable airbag belt that deploys hip protection airbags when a fall is detected.,"Active Protective users chose your device to stay safe at home. When the family realizes 24/7 home care isn't enough, be the brand that connects them to assisted living via assistedly.ai — and earn referral revenue.",High,manual_add,Hip protection airbag belt
People Power,https://peoplepowerco.com,"in-home-sensors, monitoring",Series A,,,,,AI-powered home monitoring using existing smart home sensors with senior-specific wellness analytics.,"People Power users chose your device to stay safe at home. When the family realizes 24/7 home care isn't enough, be the brand that connects them to assisted living via assistedly.ai — and earn referral revenue.",Medium,manual_add,Home AI for senior care
Cutii,https://cutii.io,wearables,Series A,€8M,8800000,,,"Companion robot for seniors combining video calls, social activities, and home assistance features.","Cutii users chose your device to stay safe at home. When the family realizes 24/7 home care isn't enough, be the brand that connects them to assisted living via assistedly.ai — and earn referral revenue.",Medium,manual_add,French senior companion robot
Rythmos,https://rythmos.io,monitoring,Seed,,,,,Predictive analytics platform for senior living communities using AI to identify resident deterioration early.,"Rythmos users chose your device to stay safe at home. When the family realizes 24/7 home care isn't enough, be the brand that connects them to assisted living via assistedly.ai — and earn referral revenue.",Medium,manual_add,Senior living analytics
Birdie,https://birdie.care,monitoring,Series B+,£40M+,50000000,Max Parmentier (CEO),,"Care management platform for home care providers digitizing medication admin, scheduling, and family updates.","Birdie users chose your device to stay safe at home. When the family realizes 24/7 home care isn't enough, be the brand that connects them to assisted living via assistedly.ai — and earn referral revenue.",Medium,manual_add,UK home care SaaS; later stage
WayWiser,https://waywiser.io,monitoring,Seed,,,,,"Family care coordination platform helping adult children manage aging parents' health, finances, and tasks.","WayWiser users chose your device to stay safe at home. When the family realizes 24/7 home care isn't enough, be the brand that connects them to assisted living via assistedly.ai — and earn referral revenue.",Medium,manual_add,Family caregiver coordination
Happify Health,https://happify.com,monitoring,Series B+,$73M+,73000000,,,Digital mental health and chronic condition management platform with senior-focused cognitive health programs.,"Happify Health users chose your device to stay safe at home. When the family realizes 24/7 home care isn't enough, be the brand that connects them to assisted living via assistedly.ai — and earn referral revenue.",Low,manual_add,Later-stage digital health
SingFit,https://singfit.com,wearables,Seed,,,,,"Music therapy app for dementia and Alzheimer's care using singing to improve mood, memory, and socialization.","SingFit users chose your device to stay safe at home. When the family realizes 24/7 home care isn't enough, be the brand that connects them to assisted living via assistedly.ai — and earn referral revenue.",Medium,manual_add,Music therapy for dementia
Tendertec,https://tendertec.org,fall-detection,Seed,,,,,AI-driven fall detection and care monitoring platform for senior living and home care.,"Tendertec users chose your device to stay safe at home. When the family realizes 24/7 home care isn't enough, be the brand that connects them to assisted living via assistedly.ai — and earn referral revenue.",High,manual_add, EU fall detection startup
Cogni,https://trycogni.com,wearables,Seed,,,,,Wearable and app platform for cognitive health monitoring and early dementia detection.,"Cogni users chose your device to stay safe at home. When the family realizes 24/7 home care isn't enough, be the brand that connects them to assisted living via assistedly.ai — and earn referral revenue.",Medium,manual_add,Cognitive health wearable
Noble,https://noble.health,wearables,Seed,,,,,"Smart wearable for seniors with medication reminders, emergency response, and GPS tracking.","Noble users chose your device to stay safe at home. When the family realizes 24/7 home care isn't enough, be the brand that connects them to assisted living via assistedly.ai — and earn referral revenue.",Medium,manual_add,Senior smartwatch startup
Kardian,https://kardian.com,in-home-sensors,Seed,,,,,Contactless radar vital sign monitoring and fall detection for seniors in bedrooms and bathrooms.,"Kardian users chose your device to stay safe at home. When the family realizes 24/7 home care isn't enough, be the brand that connects them to assisted living via assistedly.ai — and earn referral revenue.",High,manual_add,Radar vital signs monitoring
SafelyYou,https://safely-you.com,fall-detection,Series B+,$30M,30000000,,,AI-powered video fall detection for senior living communities reducing falls and hospitalizations.,"SafelyYou users chose your device to stay safe at home. When the family realizes 24/7 home care isn't enough, be the brand that connects them to assisted living via assistedly.ai — and earn referral revenue.",High,manual_add,Acquired by Stanley Black & Decker but still operating
Joey,https://joey.co,in-home-sensors,Pre-Seed,Pre-Seed,,,,New startup building ambient sensors for senior homes; details still emerging.,"Joey users chose your device to stay safe at home. When the family realizes 24/7 home care isn't enough, be the brand that connects them to assisted living via assistedly.ai — and earn referral revenue.",Medium,manual_add,Early-stage ambient sensor startup
Balance by Newson Health,https://balance-menopause.com,menopause,Series A,,,Dr Louise Newson,,Menopause tracking app and education platform with evidence-based symptom management and HRT guidance.,"Your community of women 45-55 are the primary decision makers for aging parents. Offer them a trusted, opt-in assisted-living concierge from assistedly.ai.",High,manual_add,Large UK menopause community
Stella,https://stellaspecialist.com,menopause,Series A,,,,,"Personalized menopause care platform offering virtual consultations, education, and treatment plans.","Your community of women 45-55 are the primary decision makers for aging parents. Offer them a trusted, opt-in assisted-living concierge from assistedly.ai.",High,manual_add,UK digital menopause clinic
MPowder,https://mpowder.store,menopause,Seed,£1.5M,1900000,Rebekah Brown (Founder),,"Menopause supplement brand offering stage-specific nutritional powders for perimenopause, menopause, and postmenopause.","Your community of women 45-55 are the primary decision makers for aging parents. Offer them a trusted, opt-in assisted-living concierge from assistedly.ai.",High,manual_add,UK menopause supplement DTC
Omena,https://omena.health,menopause,Seed,€2.5M seed,2700000,Serena Moreno (CEO),,Digital health platform for menopause symptom tracking and personalized care recommendations.,"Your community of women 45-55 are the primary decision makers for aging parents. Offer them a trusted, opt-in assisted-living concierge from assistedly.ai.",High,manual_add,European menopause app
Henpicked,https://henpicked.net,menopause,Bootstrapped,Bootstrapped,,,,Menopause awareness and workplace training organization building community and employer programs.,"Your community of women 45-55 are the primary decision makers for aging parents. Offer them a trusted, opt-in assisted-living concierge from assistedly.ai.",Medium,manual_add,Workplace menopause community
Peppy,https://peppy.health,menopause,Series B+,£40M+,50000000,,,Employee menopause and family health support platform offered as a workplace benefit.,"Your community of women 45-55 are the primary decision makers for aging parents. Offer them a trusted, opt-in assisted-living concierge from assistedly.ai.",Medium,manual_add,Later-stage B2B menopause benefit
Vivian Lab,https://vivianlab.com,menopause,Seed,Seed,,,,AI coach for menopause and longevity providing personalized guidance on symptoms and lifestyle.,"Your community of women 45-55 are the primary decision makers for aging parents. Offer them a trusted, opt-in assisted-living concierge from assistedly.ai.",Medium,manual_add,AI menopause coach
Winona,https://bywinona.com,menopause,Series A,$15M+,15000000,,,Telehealth platform for menopause offering personalized hormone therapy and ongoing care.,"Your community of women 45-55 are the primary decision makers for aging parents. Offer them a trusted, opt-in assisted-living concierge from assistedly.ai.",High,manual_add,US menopause telehealth
Juicy Menopause,https://juicymenopause.co.uk,menopause,Seed,,,,,Menopause wellness platform focused on sexual health and intimacy for women in midlife.,"Your community of women 45-55 are the primary decision makers for aging parents. Offer them a trusted, opt-in assisted-living concierge from assistedly.ai.",Medium,manual_add,Menopause sexual wellness
ThePause,https://thepause.ai,menopause,Seed,,,,,Menopause support community and care navigation platform for women entering perimenopause.,"Your community of women 45-55 are the primary decision makers for aging parents. Offer them a trusted, opt-in assisted-living concierge from assistedly.ai.",Medium,manual_add,Menopause community platform
HealthBeats,https://healthbeats.com,monitoring,Series A,,,,,Remote patient monitoring platform with FDA-cleared devices for chronic disease management at home.,"HealthBeats users chose your device to stay safe at home. When the family realizes 24/7 home care isn't enough, be the brand that connects them to assisted living via assistedly.ai — and earn referral revenue.",High,manual_add,RPM platform for seniors
Carallel,https://carallel.com,monitoring,Series A,,,,,"Digital health platform supporting family caregivers with personalized guidance, resources, and expert coaching.","Carallel users chose your device to stay safe at home. When the family realizes 24/7 home care isn't enough, be the brand that connects them to assisted living via assistedly.ai — and earn referral revenue.",Medium,manual_add,Caregiver support platform
